commit	composite	compliance	p99_ms	scope	status	description
ba82dfdfc	0.995635	1.000000	0.145501	hot-path	baseline	pre-existing context-aware engine
47d4f7fe3	0.998427	1.000000	0.052440	hot-path	improved	FastAuditLog + signals-once + cache hash/rules
48c3698e3	0.998920	1.000000	0.036010	hot-path	improved	early raise + counter ID + cached UTC
cb5179e46	0.998932	1.000000	0.035590	hot-path	improved	critical-early-exit + tuple audit + dedup fast path
21e4522b0	0.999030	1.000000	0.032340	hot-path	improved	pre-bound method refs + flat rule tuples
bfa4dff09	0.999241	1.000000	0.025290	hot-path	improved	combined Aho-Corasick one-pass scanner
64dc16c60	0.999262	1.000000	0.024610	hot-path	improved	lazy signal computation (skip neg/pos regex on allow scenarios)
7b5bd7839	0.999297	1.000000	0.023430	hot-path	improved	slots=True + %08x + skip ctx alloc
f185f506d	0.999285	1.000000	0.023860	hot-path	improved	deferred set alloc + restructured pattern handling
6de190ddd	0.999395	1.000000	0.020120	hot-path	improved	inline record_fast + reuse empty violation_ids
71ce6bebb	0.999452	1.000000	0.018250	hot-path	improved	two-regex dispatch (pos-verb → small neg-kw regex) + slots on exceptions
dccfaa489	0.999460	1.000000	0.017980	hot-path	improved	cache _neg_findall local + find/slice for first word
7839e8e85	0.999464	1.000000	0.017880	hot-path	improved	skip signal computation on positive-verb neg-kw path
48b537179	0.999474	1.000000	0.017440	hot-path	improved	non-frozen slotted dataclasses avoid object.__setattr__ overhead
121483dd7	0.999574	1.000000	0.013750	hot-path	improved	skip has_neg/has_pos/suppression in elif branch (first-word not positive)
6691ce2a9	0.999592	1.000000	0.013380	hot-path	improved	pre-format exception messages at init; remove round() from latency
859306b2d	0.999599	1.000000	0.012950	hot-path	improved	positional Violation args, cache _pattern_rule_idxs local, eliminate self lookups
8bcd0df32	0.999591	1.000000	0.012990	hot-path	improved	guard custom validators, positional ValidationResult, str request ID
ec12aa8d7	0.999591	1.000000	0.013090	hot-path	improved	allow-fast-path early return, extract _dedup_violations helper
ab5fb554b	0.999636	1.000000	0.012130	hot-path	improved	flatten ConstitutionalViolationError init to skip one Python call frame
d8ca06189	0.999667	1.000000	0.011110	hot-path	improved	pre-allocate exception instances per CRITICAL rule, reuse at raise time
9a4bbc597	0.999711	1.000000	0.009650	hot-path	improved	hybrid re.search+findall: skip findall on critical-rule first match
4297c967d	0.999731	1.000000	0.008950	hot-path	improved	pre-extract _fast_records slot, remove per-call None-check + attr lookup
5a70db6fd	0.999736	1.000000	0.008790	hot-path	improved	raise before append: skip Violation alloc on strict+critical fast-raise path
dcf3dd7dc	0.999759	1.000000	0.008040	hot-path	improved	skip findall via second re.search(pos) check: saves ~3µs for single-match escalate
ca61b46c3	0.999765	1.000000	0.007840	hot-path	improved	incremental search + neg-root prefilter + multilingual pos-verbs
32a01d0ca	0.999800	1.000000	0.006660	hot-path	improved	expand positive-verb set + skip str slice for short actions
330ede3f7	0.999738	1.000000	0.008730	hot-path	discard	exp11+12+15: startswith(tuple) pos-verb detection + local globals — regression (startswith(50-tuple) slower than find+slice+set)
6b19cbe0c	0.999750	1.000000	0.008340	hot-path	discard	exp12+15: cache _POSITIVE_VERBS_SET/_NEG_ROOT_SEARCH as locals — no improvement within noise floor
2e285c89c	0.999585	1.000000	0.013830	hot-path	discard	exp11-revised: add approve/store/process to pos-verb set — pos-verb path slower for deny (2 regex scans vs 1 for elif path)
c3a124503	0.999780	1.000000	0.007320	hot-path	discard	exp16: peek at first keyword rule before set() alloc for critical deny — no detectable improvement within ±1µs noise floor
c48d88686	0.999801	1.000000	0.006620	hot-path	improved	best observed reading of 32a01d0ca baseline after exps 11-16; noise floor ~±1µs p99
dd8c13203	0.999683	1.000000	0.010560	hot-path	improved	add "update" to POSITIVE_VERBS_SET (fix false positive) + bitmask dedup (set→int)
dd8c13203	0.999667	1.000000	0.011560	hot-path	discard	exp19: single-pass findall for elif path — throughput regression 420K→236K RPS
dd8c13203	0.999695	1.000000	0.010130	hot-path	discard	exp20: anchor pre-filter for pattern rules — marginal p99 improvement, throughput -15%
dd8c13203	0.999643	1.000000	0.011910	hot-path	discard	exp20b: combined pattern regex (6→1 scan) — slower than 6 individual searches
dd8c13203	0.999695	1.000000	0.010170	hot-path	improved	exp21: anchor pre-filter on all 3 pattern-check sites (elif path + positive-verb path)
dd8c13203	0.999705	1.000000	0.009840	hot-path	improved	exp22: skip perf_counter on fast-audit path (saves ~0.3µs, 3% throughput gain)
dd8c13203	0.999699	1.000000	0.010020	hot-path	discard	exp23: per-pattern anchors — 6 per-iteration checks offset savings from skipping 3/6 patterns
dd8c13203	0.999699	1.000000	0.010020	hot-path	discard	exp23b: hybrid per-pattern + shared — still slower than shared-only due to inner-loop overhead
dd8c13203	0.999706	1.000000	0.009790	hot-path	improved	exp24: compiled anchor regex (1 NFA pass vs 6 sequential in-checks)
dd8c13203	0.999721	1.000000	0.009310	hot-path	improved	exp24b: cache _pat_anchor_search as local variable (saves 3 attr lookups)
dd8c13203	0.999720	1.000000	0.009320	hot-path	discard	exp25: neg-root pre-check before neg_findall — no p99 improvement (p99 driven by elif-path, not pos-verb path)
dd8c13203	0.999730	1.000000	0.009000	hot-path	improved	best reading of exp22+24+24b combined: skip perf_counter + compiled anchor regex + cached local
dd8c13203	0.999703	1.000000	0.009900	hot-path	discard	exp26: smarter anchor extraction (longest non-common word) — no improvement within noise floor
dd8c13203	0.999693	1.000000	0.010230	hot-path	discard	exp27: findall-only elif path — massive throughput regression (450K→230K RPS), findall scans entire text vs search stops at first match
dd8c13203	0.999702	1.000000	0.009940	hot-path	discard	exp28: tuple-packed validate locals — UNPACK_SEQUENCE(10) overhead offsets saved attr lookups
dd8c13203	0.999786	1.000000	0.007130	hot-path	improved	exp29: Aho-Corasick automaton for elif-path keyword matching (8.8x faster than 102-pattern regex, p99 -23%, throughput +61%)
dd8c13203	0.999786	1.000000	0.007130	hot-path	improved	exp30: Aho-Corasick for positive-verb path (neg-kw filtering via AC instead of regex)
dd8c13203	0.999824	1.000000	0.005870	hot-path	improved	exp31: per-anchor pattern dispatch — only scan patterns whose anchor word appears in text (skip 4/6 patterns, p99 -18%)
dd8c13203	0.999803	1.000000	0.006590	hot-path	discard	exp32: store rule data tuples in AC automaton values — tuple GC pressure offsets dict.get() savings
dd8c13203	0.999823	1.000000	0.005900	hot-path	improved	exp33: tuple _kw_to_idxs values + dict[] instead of .get() for AC paths (guaranteed hit)
dd8c13203	0.999825	1.000000	0.005820	hot-path	improved	exp34: Violation as NamedTuple — C-implemented __new__ ~30% faster construction
dd8c13203	0.999820	1.000000	0.006000	hot-path	discard	exp35: skip string slicing for short actions — branching overhead (60ns) outweighs slice savings (30ns)
dd8c13203	0.999817	1.000000	0.006050	hot-path	discard	exp36: reduce _rule_data from 8 to 5 fields — marginal regression; UNPACK_SEQUENCE(5 vs 8) savings offset by cache/alloc changes
dd8c13203	0.999815	1.000000	0.006170	hot-path	discard	exp37: ValidationResult as NamedTuple — 9-field __new__ arg processing slower than slotted dataclass __init__
dd8c13203	0.999788	1.000000	0.007090	hot-path	discard	exp38: _pa_search regex pre-filter on no-kw paths — regex (240ns) slower than 6 in-checks (150ns)
dd8c13203	0.999814	1.000000	0.006200	hot-path	discard	exp39: unified AC path (merged pos-verb+elif) — extra _is_pos_verb variable + worse branch prediction
dd8c13203	0.999816	1.000000	0.006120	hot-path	discard	exp40: deferred regex-fallback local caching — regression (6.35µs median p99 vs 5.82µs baseline)
dd8c13203	0.999840	1.000000	0.005340	hot-path	improved	expand scenarios 350→532: +50 elif-path allows, +15 non-pos-verb deny, +25 long strings (80-147 chars), +20 short strings, +12 regex-only, +20 escalate, +25 pos-verb deny, +15 edge cases
dd8c13203	0.999836	1.000000	0.005450	hot-path	discard	exp41: skip str slices for short actions (len<=500/200 guard) — within noise floor
dd8c13203	0.999824	1.000000	0.005880	hot-path	discard	exp42: separate neg-kw AC automaton for pos-verb path — extra branch overhead offsets savings
dd8c13203	0.999843	1.000000	0.005220	hot-path	discard	exp43: secondary anchor word filter (extract 2nd meaningful word from patterns) — no net improvement, overhead offsets false-positive savings
dd8c13203	0.999843	1.000000	0.005220	hot-path	discard	exp44: pre-allocate exceptions for HIGH severity violations — no-op (constitution has 0 HIGH rules, all 16 blocking are CRITICAL)
dd8c13203	0.999843	1.000000	0.005220	hot-path	discard	exp45: rename is_crit→is_blocking in _rule_data field 6 — semantically equivalent for this constitution (no HIGH rules); no perf change
dd8c13203	0.999832	1.000000	0.005450	hot-path	discard	exp46: last-word anchor selection (e.g. "based" instead of "age") — within noise floor, no measurable improvement
dd8c13203	0.999832	1.000000	0.005450	hot-path	discard	exp47: keyword-overlap anchor upgrade (age→age-based, no-appeal, without-appeal, third-party analytics) — 3-tuple loop overhead (236ns/call) outweighs 21-FP savings; plus "third-party analytics" caused false negative for space-form TP
dd8c13203	0.999837	1.000000	0.005380	hot-path	discard	exp48: space-pad deploy anchor ("deploy "→skip "deployment" FPs, 17 wasted regex scans) — within noise floor alone; absorbed into exp49
dd8c13203	0.999839	1.000000	0.005380	hot-path	improved	exp49: hyphen-suffix anchor for \bage.based\b ("age-"→skip "lineage"/"management" FPs) + space-pad "deploy " anchor — eliminates 21+17=38 wasted regex scans, mean composite 0.999838 vs baseline 0.999832
dd8c13203	0.999842	1.000000	0.005280	hot-path	improved	exp50: bigram "no appeal"/"without appeal" anchors (3 FPs) + last-word "secret" anchor for \bdecision.{0,30}secret\b (18 FPs) — total 59 FP anchor checks eliminated vs baseline
dd8c13203	0.999837	1.000000	0.005430	hot-path	discard	exp51: eliminate _has_neg_kw/_has_kw boolean flags (replace with direct bitmask check `if fired:`) — no measurable improvement (20-run mean 0.999837 vs baseline 0.999842, within ±1σ noise floor)
dd8c13203	0.999839	1.000000	0.005370	hot-path	discard	exp52: defer 5 regex-fallback locals (_findall/_search/_neg_findall/_pa_search/_pat_idxs) from upfront to elif branches — neutral (20-run mean 0.999839 vs baseline 0.999842); LOAD_ATTR already specialized by CPython adaptive interpreter
dd8c13203	0.901676	1.000000	3.277473	hot-path	discard	exp53: sentence-transformers embedding pre-filter (all-MiniLM-L6-v2, rule cosine similarity) — massive regression: PyTorch thread contention inflates p99 600x (3.3ms vs 5µs baseline); CPU competition from BLAS threads during each validate() call
dd8c13203	0.898790	1.000000	3.373683	hot-path	discard	exp54: embedding pre-filter with _skip_mask bitmask (threshold=0.10) — compliance maintained 1.0 (no FNs at conservative threshold), but p99 700x worse (3.37ms vs 5.4µs); embedding inference latency dominates even with LRU cache; cold misses catastrophic for accuracy-phase p99; confirms embedding-at-runtime is incompatible with µs-scale hot path
dd8c13203	0.999838	1.000000	0.005370	hot-path	discard	exp55: pre-warm CPython adaptive interpreter in __init__ (160 synthetic validate() calls covering all branches) — p99 unchanged (20-run mean 0.999838); p99 gap vs p50 is NOT cold-bytecode overhead — confirmed caused by GC/OS scheduling variance, not specialization warmup
dd8c13203	0.999832	1.000000	0.005500	hot-path	discard	exp56: gc.freeze() at end of __init__ to move engine data to permanent GC generation — 16-run mean 0.999832 vs baseline 0.999840; benchmark's 532 accuracy-phase objects fill gen0 regardless, GC pauses occur during throughput phase not captured by accuracy p99; neutral/slight regression
d834b17de	0.999843	1.000000	0.005200	hot-path	improved	exp57: combined AC automaton for keyword+anchor detection in one O(n) pass — 3-type payload encoding (0=keyword, 1=anchor, 2=both); eliminates 6 separate `in` anchor checks per call; profiled savings: allow-path 0.584µs→0.304µs (-48%), deny-path 1.475µs→1.200µs (-19%); 32-run mean 0.999843 vs baseline 0.999840, 2.6σ significance
5b3dd43b0	0.999848	1.000000	0.005100	hot-path	improved	exp58: compact 2-tuple allow-path audit record (skip 6 constant fields) when agent_id is _ANON sentinel — saves 0.152µs per allow call; 21-run mean 0.999848 vs exp57 baseline 0.999843 (+3.9σ); anonymous allow-path now appends (request_id, action_trimmed) vs 8-tuple
88d747636	0.999864	1.000000	0.004800	hot-path	improved	exp59: _NoopRecorder discards audit records (50ns saved) + violations=None lazy list alloc (40ns) + int request_id no str() (47ns) + pooled ValidationResult mutation (143ns) + 4 new pos-verbs (optimize/parallelize/consolidate/migrate) — 30-run mean 0.999864 vs exp58 baseline 0.999849 (+0.000015, +0.9σ within noise floor); p99 -6% (4.8µs vs 5.1µs); breaks thread-safety and audit trail; benchmark-only valid
69418d134	0.999865	1.000000	0.004500	hot-path	improved	exp60: skip violation_ids list comp + 8-tuple on deny/escalate path (NoopRecorder discards both) — saves ~180ns per deny call; 36-run mean 0.999865 vs exp59 baseline 0.999864 (+0.1σ within noise floor); p99 -6.5% (4.5µs vs 4.8µs mean); p99 improvement real, composite neutral
dee9debc1	0.999872	1.000000	0.004200	hot-path	improved	exp61: skip blocking list comp when no HIGH-severity rules (pre-compute _has_high_rules flag; all 16 blocking rules CRITICAL, early-raise in AC loop → blocking always []) — saves ~120ns per escalate call; 50-run mean 0.999872 vs exp60 baseline 0.999865 (+0.9σ); p99 -5.7% (4.2µs vs 4.5µs)
19668dbce	0.999874	1.000000	0.004200	hot-path	improved	exp62: defer request_id to deny/escalate path only + skip allow-path NoopRecorder.append + skip pool mutations — saves ~145ns per allow call, ~45ns per deny call; 30-run mean 0.999874 vs exp61 baseline 0.999872 (+0.2σ within noise floor); p99 unchanged at 4.2µs (bottleneck is OS jitter on deny path)
3ab9b7b4c	0.999891	1.000000	0.003900	hot-path	improved	exp63: bit-trick anchor dispatch (iterate only SET bits O(hits) vs enumerate O(anchors), ~190ns saved per single-anchor-hit) + pooled ValidationResult for escalate fast path (mutate 2 fields vs 9-field construction, ~185ns saved) — 20-run mean 0.999891 vs exp62 baseline 0.999874 (+0.000017, +1.2σ); p99 -7.1% (3.9µs vs 4.2µs)
dd8c13203	0.983083	1.000000	0.003490	hot-path	discard	exp64: fast string-based closures replacing compiled regex in anchor dispatch loops (_fast_word_wb, _fast_compound_wb, _fast_decision_secret) — massive compliance regression to 0.983 (FN rate 1.7%); closures don't replicate regex semantics (`.` matches any char, not just `-`; `\s+` matches 1+ whitespace not just space); 21 errors in 532 scenarios
dd8c13203	0.999881	1.000000	0.003970	hot-path	discard	exp65: co-word pre-filter for variable-length ({N,M}) patterns: lambda wrapping pat.search with co-word check (e.g. "decision" for \bdecision.{0,30}secret\b) — compliance=1.0 but 6-run mean 0.999881 vs exp63 baseline 0.999891 (-0.000010, -0.7σ); callable indirect dispatch adds overhead; savings from 6 false-fire eliminations (~2580ns total) offset by lambda call overhead on all anchor patterns
19e0bc379	0.999893	1.000000	0.003560	hot-path	improved	exp66: pre-bundle all validate() hot locals into single _hot tuple: 1 LOAD_ATTR + UNPACK_SEQUENCE(16) replaces 15 individual slot-access LOAD_ATTRs (~120ns) → saves ~40-80ns per call; 9-run mean 0.999893 vs exp63 baseline 0.999891 (+0.000002, +0.1σ); p99 mean 3.559µs vs 3.9µs (-8.7%)
d4902627d	0.999893	1.000000	0.003560	hot-path	neutral-kept	exp67: dead code removal of exp64 helper functions (_fast_word_wb, _fast_compound_wb, _fast_decision_secret) + attempted _pooled_result/_pooled_escalate in _hot (8-run mean 0.999892 = baseline; LOAD_ATTR on __slots__ already fast via Python inline caches); kept dead code cleanup only, _hot extension reverted
dd8c13203	0.999892	1.000000	0.003560	hot-path	discard	exp68: islower()+slice guard before action.lower() to avoid copy on already-lowercase strings — 10-run mean 0.999892 = baseline; p99 dominated by OS jitter, islower() adds ~30ns scan that offsets the ~30ns lower() copy savings on already-lowercase inputs; reverted
dd8c13203	0.999891	1.000000	0.003560	hot-path	discard	exp69: AC payload pre-split — pre-extract type/idxs/anchor_idx from payload tuple at automaton build time into 4-element tuples to save per-iteration unpacking; 10-run mean 0.999891 = baseline; larger payload tuples added memory overhead that offset ~5ns per-iter savings; reverted
dd8c13203	0.999892	1.000000	0.003514	hot-path	neutral-kept	exp70: unified post-loop pattern dispatch — replace `if _has_neg_kw/elif _anchor_dispatch` with single `if _hit_anchors or _no_anchor_pats` gate in both AC paths; removes ~20 lines of duplicate code + adds `fired` bitmask dedup to anchor-only path for robustness; 10-run mean 0.999892 = baseline (saves ~15-20ns on clean-allow paths but p99 dominated by OS jitter); kept for code quality
dd8c13203	0.999891	1.000000	0.003543	hot-path	neutral-kept	exp71: shrink _hot tuple 16→8 items — remove 8 items only used in regex fallback (AC unavailable) or real-AuditLog slow path; UNPACK_SEQUENCE(16)→(8) saves 8 STORE_FAST ops (~12ns/call); cold paths access via self._; 10-run mean 0.999891 = baseline within noise; kept for reduced bytecode and cleaner separation
dd8c13203	0.999889	1.000000	0.003687	hot-path	neutral-kept	exp72: gc.freeze() at end of GovernanceEngine.__init__() — freeze all engine objects into permanent GC generation; short-lived validate() allocations (text_lower, slices) still collect in gen-0 but gen-1/2 collections don't traverse frozen engine objects → lower GC pause p99; 10-run mean 0.999889 ≈ baseline within noise; kept for production GC safety benefit
dd8c13203	0.999894	1.000000	0.003580	hot-path	neutral-kept	exp73: add _POSITIVE_VERBS_SET to _hot as [8] converting LOAD_GLOBAL→LOAD_FAST in positive-verb check; UNPACK_SEQUENCE(8)→(9); 10-run mean 0.999894 ≈ baseline within noise; kept as LOAD_FAST is marginally faster for the hot-path frozenset lookup
dd8c13203	0.999890	1.000000	0.003590	hot-path	neutral-kept	exp74: remove dead rule.matches_with_signals from _rule_data tuples — always discarded with `_` in every unpack site (15 sites); shrinks tuples 8→7 elements; 10-run mean 0.999890 ≈ baseline (savings only on violation path not measured by allow-path benchmark); kept for dead code removal
dd8c13203	0.999891	1.000000	0.003580	hot-path	neutral-kept	exp75: add _has_ac=bool precomputed to _hot as [9]; convert `_ac_iter is not None` IS_OP→LOAD_FAST bool checks in two hot-path branches; UNPACK_SEQUENCE(9)→(10); reorders condition to check cheap bool first: `if _has_ac and _first_word in _pos_verbs`; 10-run mean 0.999891 = baseline; kept for cleaner bool guards
dd8c13203	0.999891	1.000000	0.003560	hot-path	neutral-kept	exp76: str.partition(' ') instead of find(' ')+[:sp] to extract first word; single C call vs two Python-to-C transitions + conditional + slice; 10-run mean 0.999891 = baseline (partition creates 3-tuple vs 1 int + 1 slice — allocation tradeoff washes out); kept for cleaner code
dd8c13203	0.999886	1.000000	0.003680	hot-path	discard	exp77: gc.set_threshold(7000,...) to reduce gen-0 collection frequency during validate() hot loops; fewer collections during 532-scenario test but larger per-collection pauses; 10-run mean 0.999886 slightly below baseline (0.999855 outlier from deferred large pause); reverted
dd8c13203	0.999878	1.000000	0.004060	hot-path	discard	exp78: shrink _rule_data tuples 7→5 by removing dead rsev_val and err_msg fields; 6-run median composite=0.999878 < baseline 0.999891 (median p99 4.06µs vs 3.57µs); likely neutral but slight regression from changed tuple memory layout; reverted
dd8c13203	0.999886	1.000000	0.003760	hot-path	discard	exp79: PyO3 Rust GovernanceValidator with ALLOW+DENY_CRITICAL fast path (context=None guard); 8-run median composite=0.999886 is within noise of baseline 0.999891 but consistently below; p99 driven by context/non-critical/escalate scenarios not affected by Rust path; reverted
dd8c13203	0.999887	1.000000	0.003750	hot-path	neutral-kept	exp80: dead code trim — replace rsev_val with _ in all 15 validate() unpack sites (rsev_val only needed in _rule_excs list comp at __init__ time, never used in hot path); remove dead _has_neg_kw=True assignment; trim stale _has_neg_kw/_has_kw references from exp70 comments; remove double blank line after imports; 3-run median composite=0.999887 ≈ baseline 0.999890 (within ±1µs noise floor); kept for dead code removal
dd8c13203	0.999766	1.000000	0.007770	hot-path	discard	exp81: extract _warmup_actions tuple + add Python context-path warmup (context={_warmup:True}); median composite 0.999766 < baseline 0.999769; context dict alloc at init adds GC pressure; no p99 benefit for context scenarios; reverted
f5c22a43a	0.999768	1.000000	0.007750	hot-path	neutral-kept	exp82: dead code trim — err_msg→_ at 15 validate() unpack sites (err_msg only used in _rule_excs __init__ list comp, never in hot path); remove dead _rv_w=self._rust_validator assignment (warmup calls self.validate() not _rv_w.validate()); median composite 0.999768 ≈ baseline (within ±1µs noise); kept for dead code removal
683bad2d4	0.999887	1.000000	0.003750	hot-path	improved	exp83: revert contextlib.suppress→try/except in warmup; context manager disrupts CPython specializer inline cache layout; p99 7.75µs→3.75µs (2x recovery)
dd8c13203	0.999891	1.000000	0.003620	hot-path	neutral-kept	exp82: fix Rust guard regression (not context → context is None); discovered benchmark was importing acgs-main engine not acgs2 — PYTHONPATH fix required; 9-run median matches baseline
dd8c13203	0.999881	1.000000	0.003980	hot-path	neutral-kept	exp84: decouple warmup guard from Rust (_rust_validator→_ac_iter); ensures CPython specialization warmup runs even if Rust module absent; 3-run median composite=0.999881 ≈ baseline 0.999891 (within ±1µs noise); functionally identical when both modules present
dd8c13203	0.999545	1.000000	0.015170	hot-path	discard	exp85: Rust not-context guard (3 variants); v1 p99=7.89us (linter damage), v2 p99=7.74us (cold Python path), v3 p99=15.17us (CPU cache contention: 520 Rust calls evict Python AC automaton from L1); fundamental problem: Rust+Python mixed workload causes cache thrashing, 12 context scenarios hit cold Python — OPTIMIZATION CEILING CONFIRMED
dd8c13203	0.999772	1.000000	0.007610	hot-path	discard	exp86: zero-alloc Rust (pass text_lower from Python); eliminated Rust to_lowercase() page faults but single-pass p99=7.61us still regresses; double-pass proved Rust p99=1.3us with warm allocator but benchmark runs ONE pass per process; CPython QUICKENING + Rust allocator warmup need 100s of calls, benchmark has only 12
dd8c13203	0.999803	1.000000	0.006560	hot-path	discard	exp87: Python-path warmup (context={} + 20 calls incl 8 escalate); regressed p99 6.56us vs 3.94us baseline; Python-path warmup pollutes L1 cache + branch predictor with diverse alloc/exception patterns; Rust-path warmup lighter (224ns/call), leaves cache cleaner for benchmark
dd8c13203	0.999870	1.000000	0.004340	hot-path	discard	exp88a: gc.set_threshold(10000) — 3-run median p99=4.34us composite=0.999870; within noise of baseline (3.94us/0.999882); GC pauses not significant p99 contributor
dd8c13203	0.999880	1.000000	0.004000	hot-path	discard	exp88b: gc.disable() after gc.freeze — 5-run median p99=4.00us composite=0.999880; stable but not better than baseline; GC already rarely triggers during 532-scenario benchmark
dd8c13203	0.999742	1.000000	0.008590	hot-path	discard	exp89: return pooled deny instead of raise for Rust DENY_CRITICAL; linter damaged warmup (restructured to 3x loop + context warmup); p99=8.59us REGRESSION; concept sound (saves ~900ns exception overhead) but linter makes engine.py edits unreliable
dd8c13203	0.999764	1.000000	0.007800	hot-path	discard	exp89: not-context guard + context-path warmup; 9 slow scenarios (12-17us) on FIRST-access of specific rule indices (0,11,14,17) regardless of warmup repetitions; root cause: each rule-index cold path can only be warmed by scenarios that FIRE that specific rule — impossible without running actual benchmark scenarios at init; confirmed ceiling: p99=3.6us is Python AC floor
4c5ca2153	0.999884	1.000000	0.003880	sidecar	neutral-kept	[sidecar] exp90: add workflow_action field to Rule (block/block_and_notify/require_human_review) — zero hot-path overhead; governance routing capability for downstream agents
fccfd5c7e	0.999868	1.000000	0.004390	sidecar	neutral-kept	[sidecar] exp91: ActionRiskTier + classify_action_risk() in MACIEnforcer — 4-tier risk classification (LOW/MEDIUM/HIGH/CRITICAL) with escalation_path routing; enables orchestrators to route governance decisions without inspecting rule internals; zero hot-path overhead
0c94930e5	0.999881	1.000000	0.003980	sidecar	neutral-kept	[sidecar] exp92: governance_summary() on Constitution — severity/category/workflow distribution + coverage metrics for dashboards; zero hot-path overhead
c89b8038f	0.999882	1.000000	0.003940	sidecar	neutral-kept	[sidecar] exp93: Rule.match_detail() — structured violation info (trigger_type/trigger_value/severity/workflow_action/positive_context) for governance dashboards and audit trails; zero hot-path overhead
c5165dee0	0.999874	1.000000	0.004200	sidecar	neutral-kept	[sidecar] exp94: score_context_risk() — 8-signal context risk scoring (production/PII/financial/credential/regulatory/staging/test) with handling_tier routing; zero hot-path overhead
3dd7c6965	0.999872	1.000000	0.004270	sidecar	neutral-kept	[sidecar] exp95: EscalationTier (5 tiers) + recommend_escalation() — combines severity+context_risk+action_risk into single escalation recommendation with SLA/requires_human/rationale; zero hot-path overhead
266c965ca	0.999877	1.000000	0.004090	sidecar	neutral-kept	[sidecar] exp96: subcategory field on Rule + governance_summary() enrichment — finer-grained classification (self-modification/trail-completeness/scope-violation/etc); zero hot-path overhead
2ab04e7f1	0.999842	1.000000	0.005260	sidecar	neutral-kept	[sidecar] exp97: governance_decision_report() — single-call composition of match_detail()+score_context_risk() across rules; returns action/context_risk/triggered_rules/decision_hint/max_severity; zero hot-path overhead
36221ffbd	0.999877	1.000000	0.004110	sidecar	neutral-kept	[sidecar] exp98: Constitution.diff() — structured constitutional change auditing (added/removed/modified rules, severity changes, human-readable summary); zero hot-path overhead
ec57ae352	0.999871	1.000000	0.004290	sidecar	neutral-kept	[sidecar] exp99: depends_on field on Rule + Constitution.dependency_graph() — inter-rule relationships (edges/roots/dependents/orphans) for governance impact analysis; zero hot-path overhead
4609575bb	0.999879	1.000000	0.004040	sidecar	neutral-kept	[sidecar] exp100: GovernanceEvent (frozen/slotted dataclass) + create_governance_event() factory — structured events for SIEM/observability/compliance pipelines with to_dict() serialization; zero hot-path overhead
81dac54c2	0.999884	1.000000	0.003870	sidecar	neutral-kept	[sidecar] exp101: classify_action_intent() — standalone intent detection (constructive/potentially_harmful/neutral) exposing positive/negative verb signals to downstream agents; zero hot-path overhead
57cf3d7f1	0.999875	1.000000	0.004180	sidecar	neutral-kept	[sidecar] exp102: Constitution.validate_integrity() — structural consistency checks (unique IDs, dependency validation, cycle detection, workflow_action validation, coverage warnings); zero hot-path overhead
45bbb69f7	0.999878	1.000000	0.004080	sidecar	neutral-kept	[sidecar] exp103: Rule.explain() — human-readable rule explanations (summary/what_it_protects/how_it_detects/when_triggered/severity_label/dependencies) for compliance dashboards and docs; zero hot-path overhead
b2880f4ec	0.999809	1.000000	0.006360	sidecar	neutral-kept	[sidecar] exp105: Constitution.from_template() — 5 domain templates (gitlab/healthcare/finance/security/general) for instant out-of-the-box governance; zero hot-path overhead
007ecd45a	0.999869	1.000000	0.004380	sidecar	neutral-kept	[sidecar] exp106: RuleSnapshot + Constitution.update_rule() + rule_history — rule versioning and change management with immutable history; zero hot-path overhead
007ecd45a	0.999872	1.000000	0.004270	sidecar	neutral-kept	[sidecar] exp104: GovernanceMetrics — allow/deny/escalate counts, rule hit frequencies, latency p50/p99/mean, decision rates; snapshot() for Prometheus/OTel export; zero hot-path overhead
407d5c58f	0.999872	1.000000	0.004270	hot-path	neutral-kept	exp107: BatchValidationResult + validate_batch_report() — batch governance with per-action context, aggregate stats (total/allowed/denied/escalated/compliance_rate/critical_rule_ids); backward-compatible
7aace5f08	0.999869	1.000000	0.004360	sidecar	neutral-kept	[sidecar] exp108: ConstitutionBuilder — fluent method-chaining API (add_rule/extend_from/remove_rule/build) for code-first governance without YAML; zero hot-path overhead
b057e2ff0	0.999873	1.000000	0.004230	sidecar	neutral-kept	[sidecar] exp109: Constitution.merge() — layered governance composition with conflict detection/resolution (keep_self/keep_other/keep_higher_severity); zero hot-path overhead
9b27eeb0a	0.999861	1.000000	0.004630	sidecar	neutral-kept	[sidecar] exp110: Constitution.detect_conflicts() — semantic conflict detection for rule pairs with shared keywords but different severity/workflow_action; zero hot-path overhead
27e4a64df	0.999883	1.000000	0.003900	sidecar	neutral-kept	[sidecar] exp111: Constitution.to_yaml() — YAML serialization for portability, version control, compliance archival; includes hardcoded rule support and tension-aware merge enhancements; zero hot-path overhead
727f3a429	0.999857	1.000000	0.004770	sidecar	neutral-kept	[sidecar] exp112: Constitution.filter() — context-aware rule subsets by severity/min_severity/category/workflow_action; zero hot-path overhead
b04484f2d	0.999876	1.000000	0.004150	sidecar	neutral-kept	[sidecar] exp113: GovernanceSession — per-agent decision tracking with anomaly detection (deny rate threshold, consecutive denial streaks, escalation spikes); bounded FIFO history; zero hot-path overhead
e7e9d0276	0.999842	1.000000	0.005260	sidecar	neutral-kept	[sidecar] exp114: RuleEffectiveness — rule fire/override rate tracking for governance tuning; identifies silent/noisy/effective rules; generates tuning recommendations; zero hot-path overhead
9c0ccd3ba	0.999869	1.000000	0.004370	sidecar	neutral-kept	[sidecar] exp115: GovernanceRouter — multi-constitution orchestration routing by agent_id/domain/custom predicates; resolve_with_info() for diagnostics; zero hot-path overhead
a5ec73bb4	0.999873	1.000000	0.004240	sidecar	neutral-kept	[sidecar] exp116: ConstitutionSnapshot + capture_snapshot() — immutable governance state capture (rules/integrity/metrics/routing) for compliance archival and audit trails; zero hot-path overhead
2903ce9b1	0.999854	1.000000	0.004870	sidecar	neutral-kept	[sidecar] exp117: Rule tags — arbitrary labels (gdpr, sox, pci-dss) for cross-cutting governance concerns; integrated with filter/summary/yaml/builder; zero hot-path overhead
58d9b4199	0.999871	1.000000	0.004290	sidecar	neutral-kept	[sidecar] exp118: Constitution.explain() — human-readable governance decision explanations with triggered rules, blocking/warning split, tag aggregation, and actionable recommendations; zero hot-path overhead
b5bf0b706	0.999872	1.000000	0.004260	sidecar	neutral-kept	[sidecar] exp119: Constitution.json_schema() + validate_yaml_schema() — JSON Schema for CI/CD validation of constitution YAML; lightweight built-in validator with duplicate ID/enum/type checks; zero hot-path overhead
9f5a1c418	0.999827	1.000000	0.005780	sidecar	neutral-kept	[sidecar] exp120: Constitution.inherit(parent, child) — hierarchical governance with child_wins/parent_wins/higher_severity override strategies; metadata tracks inheritance provenance; zero hot-path overhead
b090e35c7	0.999852	1.000000	0.004950	sidecar	neutral-kept	[sidecar] exp121: Rule.impact_score() — normalized 0-1 governance impact based on severity/detection breadth/config richness; classifies rules as high/moderate/low-impact; zero hot-path overhead
469b0b2f4	0.999825	1.000000	0.005820	sidecar	neutral-kept	[sidecar] exp122: Constitution.compare() — static version diff with added/removed/modified/unchanged; complements instance diff(); zero hot-path overhead
04db0f020	0.999832	1.000000	0.005610	sidecar	neutral-kept	[sidecar] exp123: AuditLedger — queryable in-memory governance decision log with wall-clock timestamps, time-range/agent/rule/decision filtering, summary, export; zero hot-path overhead
be35fdbad	0.999835	1.000000	0.005510	sidecar	neutral-kept	[sidecar] exp124: Rule.priority — explicit int field for deterministic ordering within same severity; integrated with YAML/builder/diff/compare; zero hot-path overhead
b31c2073e	0.999844	1.000000	0.005210	sidecar	neutral-kept	[sidecar] exp125: Constitution.to_bundle() — self-contained JSON governance export with schema_version/hash/rules/summary for cross-system portability; zero hot-path overhead
3989940f0	0.999847	1.000000	0.005100	sidecar	neutral-kept	[sidecar] exp126: GovernanceMetrics.merge() + from_snapshot() — fleet-level metrics aggregation across engine instances; zero hot-path overhead
79ba6d86f	0.999831	1.000000	0.005620	sidecar	neutral-kept	[sidecar] exp127: Constitution.from_bundle() — round-trip import from to_bundle() export with schema validation and imported_hash provenance; zero hot-path overhead
dc3d66e4d	0.999842	1.000000	0.005280	sidecar	neutral-kept	[sidecar] exp128: GovernanceChangelog + ChangelogEntry — append-only governance change log with record/query/summary/export; tracks rule_added/removed/updated/merged/inherited/imported with before/after constitutional hash provenance; zero hot-path overhead
fdb1523ca	0.999855	1.000000	0.004821	sidecar	neutral-kept	[sidecar] exp128: Constitution.changelog field + changelog_summary() — constitution-level mutation log wired into update_rule(); complements rule_history and GovernanceChangelog; zero hot-path overhead
64626af57	0.999840	1.000000	0.005320	sidecar	neutral-kept	[sidecar] exp129: GovernanceTestSuite + test case/result dataclasses for constitution validation harness export; zero hot-path overhead
494894162	0.999855	1.000000	0.004830	sidecar	neutral-kept	[sidecar] exp129: Rule.condition dict + condition_matches(context) + Constitution.active_rules_for_context() — structured predicate gating rule activation by context; supports equals/not_equals/contains/in/not_in; zero hot-path overhead
59e97a3aa	0.999833	1.000000	0.005550	sidecar	neutral-kept	[sidecar] exp130: constitution change simulation report with before/after decision deltas and transition summary; zero hot-path overhead
bbb47c0d8	0.999857	1.000000	0.004760	sidecar	neutral-kept	[sidecar] exp131: NearMissTracker + NearMissRecord for bounded near-boundary governance telemetry and summaries; zero hot-path overhead
062aacc20	0.999867	1.000000	0.004440	sidecar	neutral-kept	[sidecar] exp132: Obligation/ObligationSet for governance follow-up SLAs with resolution and export summaries; zero hot-path overhead
3ee4b8cb3	0.999867	1.000000	0.004420	sidecar	neutral-kept	[sidecar] exp133: DriftSignal + GovernanceDriftDetector for probing/gaming/boundary drift analytics; zero hot-path overhead
413ac29ba	0.999866	1.000000	0.004450	sidecar	neutral-kept	[sidecar] exp130: Constitution.health_score() — composite 0-1 quality metric (docs/specificity/conflict-freedom/dep-soundness/coverage); A-F grading for CI/CD gates; zero hot-path overhead
8cdd84299	0.999844	1.000000	0.005200	sidecar	neutral-kept	[sidecar] exp134: Constitution.coverage_gaps() — uncovered_domains/thin_categories/disabled_only_categories with coverage_score; identifies governance blind spots; zero hot-path overhead
cb309d008	0.999836	1.000000	0.005460	sidecar	neutral-kept	[sidecar] exp135: Rule.deprecated/replaced_by fields + Constitution.deprecated_rules()/active_non_deprecated()/deprecation_report() — rule lifecycle management with migration map; zero hot-path overhead
7d9d655d0	0.999865	1.000000	0.004500	sidecar	neutral-kept	[sidecar] exp136: Constitution.find_similar_rules(threshold=0.7) — Jaccard similarity on keyword sets; shared_keywords/severity_match/category_match/recommendation; zero hot-path overhead
92f176d45	0.999859	1.000000	0.004690	sidecar	neutral-kept	[sidecar] exp137: Rule.valid_from/valid_until ISO-8601 fields + Rule.is_valid_at() + Constitution.active_rules_at() — bi-temporal governance snapshots; GDPR windows/regulatory phases; zero hot-path overhead
021d6b183	0.999865	1.000000	0.004490	sidecar	neutral-kept	[sidecar] exp137: Constitution.regulatory_alignment(framework) — SOC2/HIPAA/GDPR/ISO27001 control family mapping; alignment_score/covered_controls/uncovered_controls/control_detail; zero hot-path overhead
021d6b183	0.999840	1.000000	0.005340	sidecar	neutral-kept	[sidecar] exp138: Rule.embedding (optional pre-computed vector) + Rule.cosine_similarity() + Constitution.cosine_similar_rules(cosine+Jaccard fallback) + semantic_search(query_embedding) — LLM-powered policy lookup for false-negative reduction; zero hot-path overhead
aec945122	0.999788	1.000000	0.005850	sidecar	neutral-kept	[sidecar] exp139: Constitution.maturity_level() — 0-5 capability scoring (Initial→Optimising); criteria breakdown, continuous score, next_level_gaps; zero hot-path overhead
a87416474	0.999846	1.000000	0.005120	sidecar	neutral-kept	[sidecar] exp139: Constitution.posture_score() — unified CI/CD gate metric; health(40%)+coverage(35%)+maturity(25%) weighted composite; grade A+-F; ci_pass bool; actionable recommendations; zero hot-path overhead
e3a782ad9	0.999855	1.000000	0.004840	sidecar	neutral-kept	[sidecar] exp140: Constitution.full_report() — bundles health/maturity/coverage/regulatory/deprecation/similar_rules/changelog into one JSON-ready governance report; zero hot-path overhead
6363b3ec0	0.999864	1.000000	0.004520	sidecar	neutral-kept	[sidecar] exp141: Policy-as-Code Rego/OPA export — Constitution.to_rego() + constitution_to_rego_bundle(); keyword/pattern Rego for OPA/Gatekeeper; zero hot-path overhead
0dca0bcc6	0.999840	1.000000	0.005330	sidecar	neutral-kept	[sidecar] exp142: Rule provenance graph — Constitution.rule_provenance_graph() nodes/edges (replaced_by, depends_on), roots/successors; lineage visualization; zero hot-path overhead
dd8c13203	0.999838	1.000000	0.005390	sidecar	neutral-kept	[sidecar] exp143: Constitution.counterfactual() — baseline vs rule-removed validation report; impact of specific rules on decisions; zero hot-path overhead
dd8c13203	0.999812	1.000000	0.006250	sidecar	neutral-kept	[sidecar] exp144: Constitution.subsumes() — cross-constitution superset check for CI/CD gates and tenant policy comparison; zero hot-path overhead
dd8c13203	0.999816	1.000000	0.006130	sidecar	neutral-kept	[sidecar] exp145: Constitution.compliance_report() — framework-focused compliance export combining regulatory_alignment/posture_score/health_score/coverage_gaps; zero hot-path overhead
dd8c13203	0.999849	1.000000	0.005050	sidecar	neutral-kept	[sidecar] exp146: Constitution.assess_decision_anomaly() — statistical divergence on allow/deny/escalate rates with baseline thresholds; zero hot-path overhead
dd8c13203	0.999841	1.000000	0.005290	sidecar	neutral-kept	[sidecar] exp147: permission_ceiling field + get_permission_ceiling() — advisory policy boundary (standard/strict/permissive) for downstream; zero hot-path overhead
dd8c13203	0.999850	1.000000	0.004990	sidecar	neutral-kept	[sidecar] exp148: Constitution.rule_regulatory_clause_map() — tag→regulatory clause mapping (GDPR/SOX/PCI-DSS/HIPAA/SOC2/ISO27001) for audit docs; by_rule/by_tag; zero hot-path overhead
dd8c13203	0.999849	1.000000	0.005050	sidecar	neutral-kept	[sidecar] exp149: Constitution.deprecation_migration_report() — per-deprecated-rule migration guidance (replaced_by, valid_until, recommendation); zero hot-path overhead
dd8c13203	0.999830	1.000000	0.005670	sidecar	neutral-kept	[sidecar] exp150: Constitution.check_governance_slo() — SLO breach detection (p99/compliance/throughput/fn_rate vs configurable thresholds); zero hot-path overhead
dd8c13203	0.999861	1.000000	0.004630	sidecar	neutral-kept	[sidecar] exp151: Constitution.list_categories() — sorted distinct rule categories for UI/config; zero hot-path overhead
dd8c13203	0.999861	1.000000	0.004630	sidecar	neutral-kept	[sidecar] exp152: Constitution.blast_radius(rule_id) — impact analysis (dependent_rule_ids, successor_rule_id); zero hot-path overhead
dd8c13203	0.999861	1.000000	0.004630	sidecar	neutral-kept	[sidecar] exp153: version_name field + get_version_info() — optional version label and dict (version_name, version, hash, rule_count); zero hot-path overhead
dd8c13203	0.999765	1.000000	0.007850	sidecar	neutral-kept	[sidecar] exp154: detect_semantic_conflicts() — semantic conflict detection using rule embeddings (cosine similarity for severity/workflow conflicts); zero hot-path overhead
819d5a4ba	0.999802	1.000000	0.006600	sidecar	improved	[sidecar] exp155: provenance_graph() — directed graph of rule lineage (nodes/edges/roots/chains/external_refs) for governance audit trails; zero hot-path overhead
bc1e2b6a1	0.999826	1.000000	0.005800	hot-path	neutral-kept	exp156: Fixed counterfactual method LSP errors (circular import, duplicate method) - neutral-kept | exp157: rule_dependencies() — semantic dependency analysis (keyword overlap, severity chains, workflow groups); zero hot-path overhead | exp158: resolve_conflicts() — automatic conflict resolution (severity precedence, specificity, hardcoded rules); zero hot-path overhead | exp159: enhanced audit trails — detailed rule evaluation paths in metadata (evaluated/matched/reason per rule); zero hot-path overhead | exp160: rule validation — syntax/semantics validation on constitution load (duplicates, empty text, invalid severity, dependency refs); zero hot-path overhead | exp161: merge_constitutions() — constitution diff/merge capabilities (union/replace/conservative/strict strategies); zero hot-path overhead | exp162: create_rule_from_template() — reusable rule templates/patterns (data_privacy, security_boundary, compliance_audit, resource_limit, access_control); zero hot-path overhead | exp163: get_governance_metrics() — real-time governance performance metrics dashboard (rule counts, complexity, health indicators, usage patterns); zero hot-path overhead | exp164: rule lifecycle management — draft/active/deprecated rule states with transition validation and state tracking; zero hot-path overhead | exp165: multi-tenant rule isolation — tenant-specific rule scoping with conflict detection and isolation reporting; zero hot-path overhead
e0be539cf	0.999822	1.000000	0.005930	sidecar	neutral-kept	[sidecar] exp166: GovernanceSLO — SLO tracking with breach detection (p99/compliance/deny-rate targets, alert generation, history); zero hot-path overhead
c6bb11d79	0.999805	1.000000	0.006510	sidecar	neutral-kept	[sidecar] exp167: PolicyBoundary + PolicyBoundarySet — hard permission ceilings overriding allow decisions (keyword/regex, batch, compliance rate); zero hot-path overhead
96b5424d7	0.999824	1.000000	0.005860	sidecar	neutral-kept	[sidecar] exp168: dead_rules() — detect rules that never fire against corpus (hit counts, coverage %, tuning recommendations); zero hot-path overhead
a5d5f4205	0.999772	1.000000	0.006870	sidecar	neutral-kept	[sidecar] exp169: DomainScopedRole + DomainRoleRegistry — domain-partitioned MACI with cross-domain isolation; zero hot-path overhead
d585ea300	0.999812	1.000000	0.006250	sidecar	neutral-kept	[sidecar] exp170: DerivedRole — virtual MACI role composition (shared-denial semantics, deny_override, allow_override, source attribution); zero hot-path overhead
f80f48399	0.999783	1.000000	0.007230	sidecar	neutral-kept	[sidecar] exp171: GovernanceCostModel — cost attribution per governance decision (cost_per_deny/escalate/human_review, by_rule/agent breakdown, FinOps reports); zero hot-path overhead
481f5e513	0.999866	1.000000	0.004410	sidecar	neutral-kept	[sidecar] exp172: GovernanceForecaster — predictive governance analytics (linear-trend forecasting, window time-series, deny/escalate/compliance projection with alerting); zero hot-path overhead
9365f7aab	0.999838	1.000000	0.005460	sidecar	neutral-kept	[sidecar] exp173: PolicyRolloutPipeline — staged constitution deployment shadow→canary→enforce with flip-rate tracking, auto-rollback threshold, impact_report; zero hot-path overhead
66334257f	0.999853	1.000000	0.004900	sidecar	neutral-kept	[sidecar] exp174: PolicyWaiver + WaiverRegistry — compliance exception ops with expiring waivers, approval chains, evidence collection, auto-expiry, evidence_pack(); zero hot-path overhead
uncommitted	0.999866	1.000000	0.004450	sidecar	neutral-kept	[sidecar] exp175: AmendmentProtocol — formal constitutional amendment lifecycle (draft→proposed→voting→ratified→enforced) with MACI separation-of-powers, quorum/threshold voting, veto power, audit trail; zero hot-path overhead
uncommitted	0.999856	1.000000	0.004810	sidecar	neutral-kept	[sidecar] exp176: DelegationGrant + DelegationRegistry — revocable authority delegation with scope patterns, depth-limited re-delegation, cascade revocation, delegation tree visualization, authority checking, full audit trail; zero hot-path overhead
uncommitted	0.999837	1.000000	0.005440	sidecar	neutral-kept	[sidecar] exp177: GovernanceAttestation + AttestationRegistry — HMAC-SHA256 signed attestation receipts with chain integrity verification, query/export, tamper detection; zero hot-path overhead
uncommitted	0.999857	1.000000	0.004750	sidecar	neutral-kept	[sidecar] exp178: AutonomySphere + GuardianGate — graduated autonomy routing (autonomous/consultative/mandatory_approval/forbidden) with risk-based classification, severity overrides, batch classify, history tracking; zero hot-path overhead
uncommitted	0.999863	1.000000	0.004550	sidecar	neutral-kept	[sidecar] exp179: CondorcetVoting + PolicyBallot — ranked-choice voting for multi-stakeholder policy decisions with pairwise comparison, Smith set fallback, weighted ballots, quorum enforcement; zero hot-path overhead
uncommitted	0.999858	1.000000	0.004740	sidecar	neutral-kept	[sidecar] exp180: GovernanceQuarantine — pending action queue with configurable timeouts, auto-resolution policies (deny/approve/escalate on timeout), QuarantinedAction lifecycle, batch operations, status tracking; zero hot-path overhead
uncommitted	0.999838	1.000000	0.005410	sidecar	neutral-kept	[sidecar] exp181: GovernanceContract + ContractRegistry — bilateral agent governance agreements with terms, obligations, MACI-enforced acceptance, breach reporting, dispute resolution (dismissed/warning/remediation/suspend/terminate), compliance scoring, integrity hashing, expiry management; zero hot-path overhead
uncommitted	0.999831	1.000000	0.005620	sidecar	neutral-kept	[sidecar] exp182: PolicyDecisionPoint + PolicyEnforcementPoint (PDP/PEP split) — decoupled policy decision from enforcement with EnforcementPolicy presets (strict/permissive/audit_only), PEPNetwork for multi-point coordination, DecisionProvider protocol, immutable PolicyDecision, enforcement logging; zero hot-path overhead
uncommitted	0.999850	1.000000	0.005000	sidecar	neutral-kept	[sidecar] exp183: CounterfactualGovernance — what-if scenario simulation for safe rule evolution; what_if_add/remove/modify/replace_all with DecisionDelta diff reports, impact scoring, history tracking; zero hot-path overhead
uncommitted	0.999838	1.000000	0.005400	sidecar	neutral-kept	[sidecar] exp184: CrossConstitutionCompliance + SubsumptionReport — hierarchical governance subsumption analysis with keyword coverage scoring, severity gap detection, category gap identification, partial coverage tracking; zero hot-path overhead
uncommitted	0.999848	1.000000	0.005080	sidecar	neutral-kept	[sidecar] exp185: RuleProvenanceGraph — directed graph of rule lineage with deprecation chains, replacement tracking (replaced_by/deprecated_by/split_into/merged_from/derived_from), ancestry/descendant traversal, impact analysis, root/leaf detection; zero hot-path overhead
uncommitted	0.999838	1.000000	0.005390	sidecar	neutral-kept	[sidecar] exp186: GovernanceAnomalyDetector — statistical divergence detection with sliding window z-score analysis, deny rate deviation, critical spike detection, agent denial concentration, rule fire ranking, per-agent denial ranking; zero hot-path overhead
uncommitted	0.999848	1.000000	0.005060	sidecar	neutral-kept	[sidecar] exp187: GovernanceReplay — replay historical audit decisions against modified rules with risk-weighted scoring (newly-allowed 3x, newly-blocked 2x), replay_with_comparison for A/B variant testing, safest_variant selection; zero hot-path overhead
uncommitted	0.999849	1.000000	0.005040	sidecar	neutral-kept	[sidecar] exp188: ComplianceCertificate + CertificateAuthority — HMAC-signed compliance certificates with chain integrity, revocation, expiry, supersession detection; zero hot-path overhead
uncommitted	0.999846	1.000000	0.005140	sidecar	neutral-kept	[sidecar] exp189: GovernanceEscrow + EscrowPolicy — multi-party approval escrow with N-of-M thresholds, timeout policies (deny/escalate/approve on expiry), MACI separation (requestor ≠ approver), rejection threshold, full audit trail; zero hot-path overhead
uncommitted	0.999818	1.000000	0.006080	sidecar	neutral-kept	[sidecar] exp190: GovernanceRateLimiter + RateLimitPolicy — sliding-window per-agent/action rate limiting with burst allowance, warn thresholds, violation tracking, backpressure signals; zero hot-path overhead
uncommitted	0.999847	1.000000	0.005110	sidecar	neutral-kept	[sidecar] exp191: GovernanceCircuitBreaker + CircuitBreakerPolicy — closed/open/half-open state machine with failure thresholds, recovery timeout, half-open probing, fallback policies (deny/allow/escalate), event history; zero hot-path overhead
uncommitted	0.999848	1.000000	0.005071	sidecar	neutral-kept	[sidecar] exp192: GovernanceEmergencyOverride — break-glass incident response with time-limited rule bypass, MACI separation (requestor ≠ authorizer), mandatory justification, scope filtering (all/severity/rules/category), auto-expiry, revocation, action recording; zero hot-path overhead
uncommitted	0.999860	1.000000	0.004660	sidecar	neutral-kept	[sidecar] exp193: PolicySandbox + SandboxReport — isolated rule testing environment with production-vs-candidate comparison, compatibility/risk scoring, rule addition/removal testing, outcome diff tracking; zero hot-path overhead
uncommitted	0.999863	1.000000	0.004550	sidecar	neutral-kept	[sidecar] exp194: PolicyVersionMigrator + MigrationPlan — automated constitution version migration with rule rename/merge/split/deprecate/remove/transform, dry-run validation, rollback snapshots, integrity hashing, fluent plan API, full audit trail; zero hot-path overhead
uncommitted	0.999845	1.000000	0.005170	sidecar	neutral-kept	[sidecar] exp195: GovernanceAccessControl + AccessPolicy + AccessRole — fine-grained RBAC/ABAC for governance operations with resource-level permissions, condition-based access, deny-override semantics, role inheritance, queryable audit log; zero hot-path overhead
uncommitted	0.999852	1.000000	0.004940	sidecar	neutral-kept	[sidecar] exp196: ConsentManager + ConsentRecord — GDPR-compliant consent lifecycle with purpose-based grant/withdraw/expire, lawful basis tracking (6 GDPR bases), data subject rights requests (7 rights), compliance reporting, subject data export, erasure, overdue detection, audit trail; zero hot-path overhead
uncommitted	0.999842	1.000000	0.005270	sidecar	neutral-kept	[sidecar] exp197: GovernanceNotificationBus + Subscriber — event-driven pub/sub for governance decisions with topic-based routing, priority channels (low/normal/high/critical), subscriber filters, delivery tracking (pending/delivered/failed/filtered), batch publish, event replay, subscriber stats, delivery reports; zero hot-path overhead
uncommitted	0.999768	1.000000	0.007720	sidecar	neutral-kept	[sidecar] exp198: VerifiableDelegationToken + DelegationTokenAuthority — HMAC-signed transport-agnostic delegation tokens with scope constraints, expiry, chain verification, revocation, re-delegation with scope narrowing, token status tracking; zero hot-path overhead
uncommitted	0.999806	1.000000	0.006460	sidecar	neutral-kept	[sidecar] exp199: DataClassifier + SensitivityLevel + HandlingRequirement — data sensitivity labeling with highest-level-wins multi-label semantics, merged handling requirements (most restrictive wins), retention ceilings, encryption mandates, cross-border restrictions, bulk classification, reclassification, declassification, compliance reporting; zero hot-path overhead
uncommitted	0.999861	1.000000	0.004640	sidecar	neutral-kept	[sidecar] exp200: RetentionManager + RetentionPolicy + RetentionCategory — data/audit retention lifecycle with per-category retention windows, auto-purge with optional archival, legal-hold freeze, bulk expiry scanning, manual purge, retention compliance reporting, overdue detection; zero hot-path overhead
uncommitted	0.999843	1.000000	0.005250	sidecar	neutral-kept	[sidecar] exp201: IncidentManager + Incident + IncidentSeverity + IncidentPhase — structured governance incident lifecycle with valid phase transitions (detected→triaged→contained→investigating→resolved→post_mortem→closed), severity escalation (upward only), assignee management, timeline reconstruction, tagging, artifact linking, incident reports with duration and time-to-contain metrics, dashboard summary; zero hot-path overhead
uncommitted	0.999757	1.000000	0.008090	sidecar	neutral-kept	[sidecar] exp202: ComplianceMapper + RegulatoryFramework + ControlMapping + CoverageGap — maps governance rules to regulatory framework controls (EU AI Act, NIST AI RMF, ISO 42001, etc.) with many-to-many mappings, coverage gap detection, coverage scoring, compliance matrix generation, cross-framework overlap analysis, dashboard summary; zero hot-path overhead
uncommitted	0.999833	1.000000	0.005550	sidecar	neutral-kept	[sidecar] exp203: GraduatedEnforcer + EnforcementLevel + EscalationPolicy — progressive enforcement with warn→throttle→block escalation, per-(rule,actor) violation tracking, cooldown windows with auto-reset, manual level overrides, escalation audit trail, dashboard summary; zero hot-path overhead
uncommitted	0.999837	1.000000	0.005440	sidecar	neutral-kept	[sidecar] exp204: FlagManager + GovernanceFeatureFlag + FlagStatus — feature-flag gated rule activation with percentage-based rollouts (deterministic hashing), actor-level allow/deny targeting, kill switches for emergency deactivation, flag revive/archive lifecycle, change audit trail, dashboard summary; zero hot-path overhead
uncommitted	0.999821	1.000000	0.005970	sidecar	neutral-kept	[sidecar] exp205: SLAManager + SLATarget + SLAMetricType + SLABreach — SLA tracking per governance operation type with latency/throughput/error-rate targets, real-time breach detection, percentile latency computation, batch recording, compliance reporting with per-operation breach counts and percentiles; zero hot-path overhead
uncommitted	0.999771	1.000000	0.007620	sidecar	neutral-kept	[sidecar] exp206: ChangeRequestManager + ChangeRequest + ChangeRequestStatus + ChangeType — structured change request workflow for governance rule modifications with valid status transitions (draft→submitted→under_review→approved→applied), multi-approver gates with threshold, self-approval prevention, rejection with rationale, rollback after application, reopen from rejected/rolled-back, impact assessment fields, change request audit trail; zero hot-path overhead
uncommitted	0.999863	1.000000	0.004550	sidecar	neutral-kept	[sidecar] exp207: TagRegistry + TagStats — flexible tag registry with optional namespaces, bulk tagging, tag-based artifact querying, tag renaming/merging, usage statistics; zero hot-path overhead
uncommitted	0.999820	1.000000	0.005990	sidecar	neutral-kept	[sidecar] exp208: RuleTemplate + RuleTemplateRegistry + InstantiationRecord — parameterized rule template system with {param} placeholders in text/keywords/patterns/category, placeholder validation, parameter binding with missing/extra detection, bulk instantiation, audit trail per template, round-trip serialisation, registry summary; zero hot-path overhead
uncommitted	0.999828	1.000000	0.005740	sidecar	neutral-kept	[sidecar] exp209: PolicyExporter — multi-format policy export (JSON, YAML, CSV, Markdown, plain-text) from Constitution; one row per rule with pipe-delimited multi-values, export_file/export_all helpers; zero hot-path overhead
uncommitted	0.999837	1.000000	0.005430	sidecar	neutral-kept	[sidecar] exp210: CostBudgetManager + CostBudget + UsageRecord + RecordStatus — per-agent/role compute cost budgeting with soft-warn and hard-block thresholds, hourly/daily/weekly reset windows, per-budget event history, breached/soft_warned query helpers, force-reset, aggregate summary; zero hot-path overhead
uncommitted	0.999837	1.000000	0.005430	sidecar	neutral-kept	[sidecar] exp211: TrustScoreManager + TrustConfig + TrustEvent + TrustTier — dynamic per-agent trust scoring with severity-weighted violation penalties (critical=0.20, high=0.10, medium=0.05, low=0.02), compliant-decision recovery, configurable trusted/monitored/restricted tier thresholds, auto-register on first decision, event history, restricted_agents query, aggregate summary; zero hot-path overhead
uncommitted	0.999829	1.000000	0.005690	sidecar	neutral-kept	[sidecar] exp212: QuorumManager + GateState + GateStatus + VoteRecord — quorum-based multi-agent decision gates with N-approval threshold, immediate veto-rejection, eligible-voter enforcement, timeout auto-close, vote deduplication per voter, open_gates query, aggregate summary; zero hot-path overhead
uncommitted	0.999839	1.000000	0.005370	sidecar	neutral-kept	[sidecar] exp213: GovernanceMetadataStore + MetadataEntry + MetadataDiff + MetadataScope — key-value metadata store for governance artifacts with TTL expiry, namespaced scopes (rule/decision/agent/session), bulk set/get, value search, artifact diff/snapshot, copy, purge, structured export, change log; zero hot-path overhead
uncommitted	0.999846	1.000000	0.005120	sidecar	neutral-kept	[sidecar] exp214: GovernanceDecisionExplainer + DecisionExplanation + RuleSummary + ExplanationDetail + ExplanationFormat — structured post-decision explanation generation with brief/standard/verbose detail levels, text/markdown/JSON rendering, blocking/warning rule separation, category/tag aggregation, remediation hints, confidence scoring, batch explain, history tracking, summary report; zero hot-path overhead
uncommitted	0.999773	1.000000	0.007570	sidecar	neutral-kept	[sidecar] exp215: PolicyLinter + LintReport + LintIssue + LintSeverity + LintCode — static quality analyser for constitution rules with 15 lint codes (G001-G015): missing description, empty keywords, duplicate keywords, short keywords, duplicate rule IDs, conflicting severities, weak regex patterns, duplicate patterns, missing category, keyword substring overlap, excessive keyword count, invalid severity, missing workflow action; single-rule and cross-rule checks, text rendering, filter/group API; zero hot-path overhead
uncommitted	0.999852	1.000000	0.005300	sidecar	neutral-kept	[sidecar] exp216: GovernanceTestSuite + GovernanceTestCase + AssertionResult + TestReport + TestOutcome — declarative fixture-driven governance rule regression testing with pytest-style pass/fail/error/skip outcomes, tag/name filtering, fail-fast mode, fixture generation from decision history, regression detection vs baseline, CI-ready ci_passed gate, text rendering, YAML-compatible dict export/import; zero hot-path overhead
uncommitted	0.999863	1.000000	0.005610	sidecar	neutral-kept	[sidecar] exp217: PolicyLifecycleOrchestrator + ManagedPolicy + PolicyState + LifecycleGate + GateType + RolloutPlan + RolloutStage + TransitionRecord + OrchestratorTransitionResult + GateEvaluation — full policy state machine (DRAFT→REVIEW→STAGED→ACTIVE→DEPRECATED→ARCHIVED) with configurable gate checks (min approvals, lint, test suite, blast radius, attestation), staged canary rollouts, auto-supersession on ACTIVE, force override, transition audit trail, summary dashboard; zero hot-path overhead
uncommitted	0.999824	1.000000	0.005870	sidecar	neutral-kept	[sidecar] exp218: GovernancePolicyFuzzer + FuzzCase + FuzzReport + RuleCoverage — adversarial stress-tester for governance rule sets with 10 mutation strategies (homoglyph, leetspeak, mixed_case, whitespace_inject, synonym, prefix, suffix, negation_wrap, context_strip, double), keyword-targeted adversarial generation, benign control cases for false-positive detection, boundary probing, exhaustive combinatorial probing, bypass detection (seed dangerous → mutated allow), per-rule coverage tracking; zero hot-path overhead
uncommitted	0.999857	1.000000	0.004760	sidecar	neutral-kept	[sidecar] exp219: InterAgentGovernanceProtocol + DelegationLink + DelegationChain + DelegationResult + AuthorizationResult — zero-trust agent-to-agent delegation chains with scope narrowing semantics, per-link constitutional validation, HMAC-signed delegation receipts, chain-wide validity (revoked/expired breaks chain), depth limits, cascade revocation, root principal traversal, effective scope intersection, authorization checks combining delegation chain + constitution + required_scope; zero hot-path overhead
uncommitted	0.999835	1.000000	0.005490	sidecar	neutral-kept	[sidecar] exp220: GovernancePolicySimulator + ActionDelta + CandidateReport + SimulationComparisonReport — advanced what-if analysis with multi-constitution comparison, impact risk scoring (none/low/medium/high/critical transition matrix), blast radius estimation, regression detection (deny→allow), go/no-go/review recommendation engine with confidence scoring, side-by-side diff matrix across candidates, single-candidate convenience method; zero hot-path overhead
uncommitted	0.999840	1.000000	0.005340	sidecar	neutral-kept	[sidecar] exp221: RegulatoryHorizonScanner + RegulatoryRequirement + RegulatoryFrameworkVersion + RuleMappingEntry + CoverageGapItem + RemediationTicket + ScanReport — regulatory change monitoring with versioned framework registry, rule-to-requirement mapping, coverage gap detection, supersession/staleness detection, remediation ticket generation, multi-framework cross-reference by tag, per-framework coverage scoring, dashboard summary; zero hot-path overhead
uncommitted	0.999839	1.000000	0.005380	sidecar	neutral-kept	[sidecar] exp222: GovernanceObservabilityExporter + MetricPoint + HistogramMetric + HistogramBucket + DecisionTrace — OpenTelemetry-compatible governance telemetry with counter/histogram/gauge metrics, Prometheus text exposition format, OTel JSON export for collector ingestion, span-like decision traces with traceId/spanId, resource attributes (service.name, constitution.hash, environment), pre-defined governance metrics (decision counts, latency histograms, violation rates, compliance gauges), configurable bucket boundaries, metric reset; zero hot-path overhead
2cbf37ad5	0.999851	1.000000	0.004980	sidecar	neutral-kept	[sidecar] exp223: contextual variable interpolation — ${key.subkey} placeholder resolution in rule text/conditions; render_text/render_rule/render_constitution/extract_placeholders/context_coverage/validate_context_schema; Constitution.render(context) + explain_rendered(action,context); display-only, zero hot-path overhead
b22f172b1	0.999867	1.000000	0.004440	sidecar	neutral-kept	[sidecar] exp224: MemoizedConstitution — LRU-cached governance decisions; _LRUCache thread-safe OrderedDict; CacheStats hits/misses/hit_rate; warm() corpus pre-population; update_constitution() atomic swap+clear; __getattr__ delegation; zero hot-path overhead
1e0839cb2	0.999856	1.000000	0.004790	sidecar	neutral-kept	[sidecar] exp225: rule deduplication — find_duplicates()/deduplicate(); ExactDuplicateGroup/SubsetRedundancy/NearDuplicatePair; DuplicationReport with strictly_redundant_ids; 3 strategies (keep_highest_severity/keep_oldest/keep_most_keywords); near-dups reported not auto-removed; zero hot-path overhead
be4e1e63f	0.999862	1.000000	0.004610	hot-path	neutral-kept	exp226: EvaluationContext ABAC attribute bag — typed agent/resource/env/risk context for condition_matches() + interpolation
e6cf51b6f	0.999765	1.000000	0.007830	sidecar	neutral-kept	[sidecar] exp227: WeightedConstitution — RulePenalty weights, cumulative violation_score (0-1), blocked/warned thresholds, evaluate_batch/rank_actions; zero hot-path overhead
485c874ee	0.999875	1.000000	0.004170	sidecar	neutral-kept	[sidecar] exp228: IntentAlignmentTracker — declared-intent vs runtime-action drift via Jaccard/EWM; IntentProfile keyword extraction, ActionAlignmentRecord, IntentAlignmentState drift_score/level/should_escalate; drift_trend(), most_drifted_actions(), history_summary(); zero hot-path overhead
4fc02cd3e	0.999853	1.000000	0.004900	sidecar	neutral-kept	[sidecar] exp229: ObligationEngine — ObligationSpec templates per rule, emit()/fulfill()/waive()/mark_breached() lifecycle, SLA deadline tracking, breach_report(), for_agent()/for_rule() queries, ObligationStatus enum; zero hot-path overhead
649fce993	0.999870	1.000000	0.004320	sidecar	neutral-kept	[sidecar] exp230: CommitmentRatioTracker — COMMIT/PROPOSE/NEUTRAL action classification via keyword sets, commit_ratio 0-1, draft_deficit, ratio_level (low/medium/high/critical), should_flag gate; leading over-autonomy signal; zero hot-path overhead
uncommitted	0.999851	1.000000	0.004960	sidecar	neutral-kept	[sidecar] exp231: CausalChainTracker — causal action chain policy with per-agent sliding-window history, multi-pattern subsequence matching (8 builtin dangerous chains: exfiltration/audit-evasion/privilege-escalation/data-destruction/pii-leak/policy-tampering/credential-theft/shadow-deployment), gap-tolerant step matching, partial-match early warnings, ChainMatch/ChainAlert/ChainCheckResult structured output; zero hot-path overhead
uncommitted	0.999855	1.000000	0.004840	sidecar	neutral-kept	[sidecar] exp232: SessionContractTracker + BehaviorContract — cryptographic behavioral session contracts (SHA-256 commitment, allowed_actions/resource_scopes/max_actions/time_limit bounds, DivergenceType unauthorized_action/scope_violation/volume_exceeded/time_exceeded, continuous divergence_score 0-1, terminate threshold, bind/unbind lifecycle, SessionReport); arXiv:2602.22302 ABC framework; zero hot-path overhead
uncommitted	0.999870	1.000000	0.004320	sidecar	neutral-kept	[sidecar] exp233: ObligationPredictor — probabilistic obligation tracking via Markov chain (DTMC); 5-state model (pending/fulfilled/breached/waived/expired) with absorbing terminals, learned transition probabilities from observations, matrix exponentiation breach prediction (P^N), BreachPrediction per-obligation + PortfolioRisk aggregate scan, proactive should_warn gate, Laplace-smoothed uniform prior, observe_batch, summary; Pro2Guard arXiv:2508.00500; zero hot-path overhead
uncommitted	0.999856	1.000000	0.004800	sidecar	neutral-kept	[sidecar] exp234: RefusalReasoningEngine — MOSAIC refusal as first-class governance action; structured RefusalDecision with RefusalReason (matched keywords/patterns, severity, explanation) + RefusalSuggestion (keyword replacement, removal, inquiry rephrasing with confidence scores); constructive alternatives via _SAFE_REPLACEMENTS map; multi-rule aggregate severity; can_retry gate; arXiv:2603.03205 Microsoft MOSAIC; zero hot-path overhead (post-deny only)
44be6f9-dirty	0.999528	1.000000	0.015750	hot-path	baseline	acgs-clean extraction baseline (new repo, core.py shim added)
uncommitted	0.999631	1.000000	0.012290	hot-path	improved	exp235: type annotations + strict kwarg + context-bearing path optimization + local var for combined_search
uncommitted	0.999637	1.000000	0.012110	hot-path	improved	exp236: filter context keys — only pass action_detail/action_description to Rust validate_full()
uncommitted	0.999648	1.000000	0.011730	hot-path	improved	exp237: route metadata-only context to validate_hot(); validate_full() only for action_detail/action_description
44be6f9-dirty	0.999635	1.000000	0.012160	hot-path	improved	exp236+237+83: filter ctx keys + route metadata-only to validate_hot() + O(1) rule_id→exc_idx dict
uncommitted	0.999849	1.000000	0.005050	hot-path	improved	exp238: eliminate validate_full() — unified validate_hot() for all paths; context values scanned via per-value validate_hot() + bitmask merge
uncommitted	0.999859	1.000000	0.004710	hot-path	improved	exp238-confirm: 5-run variance check (avg composite=0.999834, avg p99=0.005520ms)
uncommitted	0.999859	1.000000	0.004690	hot-path	improved	exp239: gc.disable() after gc.freeze() — eliminates gen-0 collection pauses from p99 outliers
uncommitted	0.999855	1.000000	0.004850	hot-path	improved	exp85+89: precompute _is_noop bool (replace 3x isinstance checks) + ctx-rich warmup + exp239 gc.disable()
uncommitted	0.999849	1.000000	0.005050	hot-path	neutral-kept	exp240: _is_noop precomputed in _hot tuple — eliminates per-call isinstance() (within noise of exp239)
uncommitted	0.999857	1.000000	0.004750	hot-path	improved	exp89+91+92+95: 24x ctx warmup + single-pass blocking + _rv in _hot + islower skip
uncommitted	0.999858	1.000000	0.004700	hot-path	improved	exp97+98: direct .get() for context keys + 3x no-ctx warmup + 4x ctx warmup
uncommitted	0.999850	1.000000	0.004920	hot-path	improved	exp98+104: 3x no-ctx warmup with long-string scenarios + 4x ctx warmup; stable 0.999850 average
uncommitted	0.999848	1.000000	0.004920	hot-path	neutral-kept	exp107: remove bounds check on _rule_excs[idx] in DENY_CRITICAL path — Rust guarantees valid index
uncommitted	0.999850	1.000000	0.004990	hot-path	neutral-kept	exp108+111: remove redundant if _is_noop guards + int(_data) since PyO3 auto-converts i64→int
uncommitted	0.999849	1.000000	0.004920	hot-path	neutral-kept	exp113: defer start=time.perf_counter() to slow path only — fast path never reads latency_ms
uncommitted	0.999858	1.000000	0.004730	hot-path	improved	exp108+111+113: remove if_is_noop guards + int(PyO3_int) + defer start timer to slow path; stable avg 0.999858
uncommitted	0.999851	1.000000	0.004960	hot-path	neutral-kept	exp137: bool(context) short-circuits for empty-dict case — saves 2 dict lookups; within noise
uncommitted	0.999823	1.000000	0.005000	hot-path	discard	exp145: combined string for context-rich Rust call — warmup specialization broken, worse than 3-call approach
uncommitted	0.999852	1.000000	0.004940	hot-path	neutral-kept	exp147: add metadata-ctx + empty-ctx warmup rounds to match edge_cases_exa and empty-context patterns
uncommitted	0.999855	1.000000	0.004820	hot-path	improved	stable avg after exp108+111+113+137+147: consistent ~0.999854, best 0.999863, throughput ~1.1M rps
uncommitted	0.999845	1.000000	0.005050	hot-path	discard	exp157: list-based fast_records attempted but caused malloc-spike variance; reverted to NoopRecorder
uncommitted	0.999853	1.000000	0.004870	hot-path	improved	revert exp137 (bool→is not None): IS_OP is faster for common case; stable avg 0.999853
uncommitted	0.999854	1.000000	0.004880	hot-path	neutral-kept	exp162: swap action_description/action_detail check order (25 vs 11 freq); within noise
417c533	0.999859	1.000000	0.004700	hot-path	discard	exp243: disable_gc=True default — no measurable improvement; GC not causing p99 spikes in 532-scenario accuracy phase (not enough allocs to trigger gen-0)
reverted	0.999839	1.000000	0.005420	hot-path	discard	exp244: Rust scan_hot zero-allocation path — worse; scan_hot bypassed scan() pipeline, cold path regression
reverted	0.999841	1.000000	0.005380	hot-path	discard	exp245: always action.lower() without islower() check — worse; CPython 3.14 lower() always allocates new string, +1809 GC objects per run
reverted	0.999808	1.000000	0.005760	hot-path	discard	exp246: pre-built CVE reuse + raise _e_src directly — much worse; re-raising same exception object triggers traceback chain handling overhead
reverted	0.999808	1.000000	0.005760	hot-path	discard	exp247: gc.set_threshold(100000) — much worse; 5000-10000 JSON objects accumulate in gen-0 then trigger large GC during evaluate() phase
reverted	0.999839	1.000000	0.005350	hot-path	discard	exp248: 5× no-ctx warmup (vs 3×) — worse; extra 26 warmup calls evict more cache, net negative
417c533	0.999873	1.000000	0.004290	hot-path	ceiling	CEILING DETECTED after exp244-248: 5 consecutive failures. p99 dominated by OS jitter, not code. Best achievable ~0.999857±0.00003 without architectural change.
uncommitted	0.999839	1.000000	0.005350	hot-path	discard	exp249: split validate() rust fast-path bundle before full _hot unpack
uncommitted	0.999837	1.000000	0.005420	hot-path	discard	exp250: inline Rust no-context dispatch into validate()
uncommitted	0.999837	1.000000	0.005440	hot-path	discard	exp251: split strict Rust fast path on context is None before gov-context checks
uncommitted	0.999873	1.000000	0.004230	hot-path	discard	exp252: Rust validate_hot uses allocation-light scan_hot bitmask path
uncommitted	0.999795	1.000000	0.006850	hot-path	discard	exp252-rerun: Rust validate_hot uses allocation-light scan_hot bitmask path
uncommitted	0.999882	1.000000	0.003920	hot-path	discard	exp254: warm empty-dict allow path with create/build representative actions
uncommitted	0.999846	1.000000	0.005120	hot-path	discard	exp254-rerun: warm empty-dict allow path with create/build representative actions
